config,seed,learning_rate,layer_sizes,final_train_loss,final_train_accuracy,final_train_macro_sensitivity,final_train_macro_specificity,final_train_sensitivity_class_0,final_train_sensitivity_class_1,final_train_sensitivity_class_2,final_train_specificity_class_0,final_train_specificity_class_1,final_train_specificity_class_2,final_val_loss,final_val_accuracy,final_val_macro_sensitivity,final_val_macro_specificity,final_val_sensitivity_class_0,final_val_sensitivity_class_1,final_val_sensitivity_class_2,final_val_specificity_class_0,final_val_specificity_class_1,final_val_specificity_class_2,final_test_loss,final_test_accuracy,final_test_macro_sensitivity,final_test_macro_specificity,final_test_sensitivity_class_0,final_test_sensitivity_class_1,final_test_sensitivity_class_2,final_test_specificity_class_0,final_test_specificity_class_1,final_test_specificity_class_2
small_1_hidden_4_lr_0_001,0,0.001,13 -> 4 -> 3,0.7776355038483858,0.6728971962616822,0.6201550387596899,0.8211805555555555,1.0,0.8604651162790697,0.0,0.9166666666666666,0.546875,1.0,0.7700172646610074,0.6666666666666666,0.6190476190476191,0.8219696969696969,1.0,0.8571428571428571,0.0,0.875,0.5909090909090909,1.0,0.7658339019135807,0.7142857142857143,0.6428571428571429,0.8426501035196687,1.0,0.9285714285714286,0.0,0.9565217391304348,0.5714285714285714,1.0
small_1_hidden_4_lr_0_001,1,0.001,13 -> 4 -> 3,0.773068279834536,0.6448598130841121,0.6434108527131782,0.8048878205128206,0.0,0.9302325581395349,1.0,1.0,0.453125,0.9615384615384616,0.7638689131560008,0.6666666666666666,0.6666666666666666,0.8181818181818182,0.0,1.0,1.0,1.0,0.45454545454545453,1.0,0.7857632253731271,0.6285714285714286,0.6428571428571429,0.7967032967032966,0.0,0.9285714285714286,1.0,1.0,0.42857142857142855,0.9615384615384616
small_1_hidden_4_lr_0_001,2,0.001,13 -> 4 -> 3,0.7623428331475489,0.7102803738317757,0.6511627906976744,0.8396990740740741,1.0,0.9534883720930233,0.0,0.9722222222222222,0.546875,1.0,0.7871814922182189,0.7222222222222222,0.6666666666666666,0.8497474747474748,1.0,1.0,0.0,0.9583333333333334,0.5909090909090909,1.0,0.7769180346328998,0.7428571428571429,0.6666666666666666,0.8571428571428571,1.0,1.0,0.0,1.0,0.5714285714285714,1.0
small_1_hidden_4_lr_0_001,3,0.001,13 -> 4 -> 3,0.7599194838808406,0.7009345794392523,0.6434108527131782,0.8350694444444445,1.0,0.9302325581395349,0.0,0.9583333333333334,0.546875,1.0,0.7761596588762979,0.6111111111111112,0.5714285714285715,0.7929292929292929,1.0,0.7142857142857143,0.0,0.8333333333333334,0.5454545454545454,1.0,0.7437411636848188,0.6285714285714286,0.5714285714285715,0.7991718426501034,1.0,0.7142857142857143,0.0,0.8260869565217391,0.5714285714285714,1.0
small_1_hidden_4_lr_0_001,4,0.001,13 -> 4 -> 3,0.8316387966008828,0.6635514018691588,0.6589147286821705,0.8134348290598291,0.0,0.9767441860465116,1.0,1.0,0.453125,0.9871794871794872,0.8620823225351013,0.5833333333333334,0.5952380952380952,0.7797202797202797,0.0,0.7857142857142857,1.0,1.0,0.45454545454545453,0.8846153846153846,0.8150542797668012,0.6571428571428571,0.6666666666666666,0.8095238095238096,0.0,1.0,1.0,1.0,0.42857142857142855,1.0
small_1_hidden_4_lr_0_001,5,0.001,13 -> 4 -> 3,0.8853093867682572,0.6915887850467289,0.6285714285714286,0.828125,0.8857142857142857,1.0,0.0,1.0,0.484375,1.0,0.8820349510203616,0.7222222222222222,0.6666666666666666,0.8484848484848485,1.0,1.0,0.0,1.0,0.5454545454545454,1.0,0.8783239667114366,0.6285714285714286,0.5555555555555555,0.7936507936507936,0.6666666666666666,1.0,0.0,1.0,0.38095238095238093,1.0
small_1_hidden_4_lr_0_001,6,0.001,13 -> 4 -> 3,0.7864826953089431,0.6355140186915887,0.6356589147286821,0.8006143162393163,0.0,0.9069767441860465,1.0,1.0,0.453125,0.9487179487179487,0.790573983145502,0.5833333333333334,0.5952380952380952,0.7797202797202797,0.0,0.7857142857142857,1.0,1.0,0.45454545454545453,0.8846153846153846,0.8206097591552081,0.6,0.6190476190476191,0.7838827838827839,0.0,0.8571428571428571,1.0,1.0,0.42857142857142855,0.9230769230769231
small_1_hidden_4_lr_0_001,7,0.001,13 -> 4 -> 3,0.8434305448552463,0.719626168224299,0.6571428571428571,0.84375,0.9714285714285714,1.0,0.0,1.0,0.53125,1.0,0.8986230952698399,0.6111111111111112,0.5555555555555555,0.787878787878788,0.6666666666666666,1.0,0.0,1.0,0.36363636363636365,1.0,0.8474391923930892,0.7428571428571429,0.6666666666666666,0.8571428571428571,1.0,1.0,0.0,1.0,0.5714285714285714,1.0
small_1_hidden_4_lr_0_001,8,0.001,13 -> 4 -> 3,0.6531900882870343,0.6635514018691588,0.6589147286821705,0.8134348290598291,0.0,0.9767441860465116,1.0,1.0,0.453125,0.9871794871794872,0.6191694573004562,0.6666666666666666,0.6666666666666666,0.8181818181818182,0.0,1.0,1.0,1.0,0.45454545454545453,1.0,0.6991344684214439,0.5714285714285714,0.5952380952380952,0.771062271062271,0.0,0.7857142857142857,1.0,1.0,0.42857142857142855,0.8846153846153846
small_1_hidden_4_lr_0_001,9,0.001,13 -> 4 -> 3,0.5168421114707563,0.9719626168224299,0.9767441860465116,0.9864672364672366,1.0,0.9302325581395349,1.0,0.9722222222222222,1.0,0.9871794871794872,0.5384638805841981,0.9444444444444444,0.9523809523809524,0.9743589743589745,1.0,0.8571428571428571,1.0,1.0,1.0,0.9230769230769231,0.508596209830769,1.0,1.0,1.0,1.0,1.0,1.0,1.0,1.0,1.0
small_1_hidden_4_lr_0_01,0,0.01,13 -> 4 -> 3,0.020623217402135362,1.0,1.0,1.0,1.0,1.0,1.0,1.0,1.0,1.0,0.05632059148698912,0.9722222222222222,0.9666666666666667,0.9848484848484849,1.0,1.0,0.9,1.0,0.9545454545454546,1.0,0.0391184305731627,1.0,1.0,1.0,1.0,1.0,1.0,1.0,1.0,1.0
small_1_hidden_4_lr_0_01,1,0.01,13 -> 4 -> 3,0.017806904436403998,1.0,1.0,1.0,1.0,1.0,1.0,1.0,1.0,1.0,0.05719940201510835,0.9722222222222222,0.9761904761904763,0.9861111111111112,1.0,0.9285714285714286,1.0,0.9583333333333334,1.0,1.0,0.10624476361921137,0.9714285714285714,0.9761904761904763,0.9871794871794872,1.0,0.9285714285714286,1.0,1.0,1.0,0.9615384615384616
small_1_hidden_4_lr_0_01,2,0.01,13 -> 4 -> 3,0.019432627021836544,1.0,1.0,1.0,1.0,1.0,1.0,1.0,1.0,1.0,0.08761329808988412,0.9722222222222222,0.9761904761904763,0.9871794871794872,1.0,0.9285714285714286,1.0,1.0,1.0,0.9615384615384616,0.055775700856601815,1.0,1.0,1.0,1.0,1.0,1.0,1.0,1.0,1.0
small_1_hidden_4_lr_0_01,3,0.01,13 -> 4 -> 3,0.020953811705189576,1.0,1.0,1.0,1.0,1.0,1.0,1.0,1.0,1.0,0.15019330530597458,0.9444444444444444,0.9523809523809524,0.9732905982905984,1.0,0.8571428571428571,1.0,0.9583333333333334,1.0,0.9615384615384616,0.035701249658655204,1.0,1.0,1.0,1.0,1.0,1.0,1.0,1.0,1.0
small_1_hidden_4_lr_0_01,4,0.01,13 -> 4 -> 3,0.00522575674037735,1.0,1.0,1.0,1.0,1.0,1.0,1.0,1.0,1.0,0.08535744002715938,0.9722222222222222,0.9666666666666667,0.9848484848484849,1.0,1.0,0.9,1.0,0.9545454545454546,1.0,0.0027932867767062053,1.0,1.0,1.0,1.0,1.0,1.0,1.0,1.0,1.0
small_1_hidden_4_lr_0_01,5,0.01,13 -> 4 -> 3,0.005603783648556419,1.0,1.0,1.0,1.0,1.0,1.0,1.0,1.0,1.0,0.0016262092713774632,1.0,1.0,1.0,1.0,1.0,1.0,1.0,1.0,1.0,0.09889003795477533,0.9714285714285714,0.9761904761904763,0.9871794871794872,1.0,0.9285714285714286,1.0,1.0,1.0,0.9615384615384616
small_1_hidden_4_lr_0_01,6,0.01,13 -> 4 -> 3,0.008529903648556105,1.0,1.0,1.0,1.0,1.0,1.0,1.0,1.0,1.0,0.07504754322006092,0.9722222222222222,0.9761904761904763,0.9871794871794872,1.0,0.9285714285714286,1.0,1.0,1.0,0.9615384615384616,0.025347143782531466,1.0,1.0,1.0,1.0,1.0,1.0,1.0,1.0,1.0
small_1_hidden_4_lr_0_01,7,0.01,13 -> 4 -> 3,0.0034835137496938406,1.0,1.0,1.0,1.0,1.0,1.0,1.0,1.0,1.0,0.09992427811469005,0.9444444444444444,0.9523809523809524,0.9732905982905984,1.0,0.8571428571428571,1.0,0.9583333333333334,1.0,0.9615384615384616,0.033833295566602334,1.0,1.0,1.0,1.0,1.0,1.0,1.0,1.0,1.0
small_1_hidden_4_lr_0_01,8,0.01,13 -> 4 -> 3,0.019931738314205236,1.0,1.0,1.0,1.0,1.0,1.0,1.0,1.0,1.0,0.015227123537069768,1.0,1.0,1.0,1.0,1.0,1.0,1.0,1.0,1.0,0.10379476095143393,0.9714285714285714,0.9761904761904763,0.9871794871794872,1.0,0.9285714285714286,1.0,1.0,1.0,0.9615384615384616
small_1_hidden_4_lr_0_01,9,0.01,13 -> 4 -> 3,0.005995025892805913,1.0,1.0,1.0,1.0,1.0,1.0,1.0,1.0,1.0,0.04508015365446358,0.9722222222222222,0.9761904761904763,0.9871794871794872,1.0,0.9285714285714286,1.0,1.0,1.0,0.9615384615384616,0.018472753858179498,1.0,1.0,1.0,1.0,1.0,1.0,1.0,1.0,1.0
small_1_hidden_4_lr_0_1,0,0.1,13 -> 4 -> 3,0.0013552936310312477,1.0,1.0,1.0,1.0,1.0,1.0,1.0,1.0,1.0,0.04962265375481907,0.9722222222222222,0.9666666666666667,0.9848484848484849,1.0,1.0,0.9,1.0,0.9545454545454546,1.0,0.02218252965263752,1.0,1.0,1.0,1.0,1.0,1.0,1.0,1.0,1.0
small_1_hidden_4_lr_0_1,1,0.1,13 -> 4 -> 3,0.0002768396408924031,1.0,1.0,1.0,1.0,1.0,1.0,1.0,1.0,1.0,0.13289616903693915,0.9722222222222222,0.9761904761904763,0.9861111111111112,1.0,0.9285714285714286,1.0,0.9583333333333334,1.0,1.0,0.12495577382720793,0.9428571428571428,0.9523809523809524,0.9726867335562988,1.0,0.8571428571428571,1.0,0.9565217391304348,1.0,0.9615384615384616
small_1_hidden_4_lr_0_1,2,0.1,13 -> 4 -> 3,0.001310164945084017,1.0,1.0,1.0,1.0,1.0,1.0,1.0,1.0,1.0,0.0745783764740629,0.9722222222222222,0.9761904761904763,0.9871794871794872,1.0,0.9285714285714286,1.0,1.0,1.0,0.9615384615384616,0.03968258958227953,1.0,1.0,1.0,1.0,1.0,1.0,1.0,1.0,1.0
small_1_hidden_4_lr_0_1,3,0.1,13 -> 4 -> 3,0.0013428867271716262,1.0,1.0,1.0,1.0,1.0,1.0,1.0,1.0,1.0,0.20182590655051968,0.9722222222222222,0.9761904761904763,0.9871794871794872,1.0,0.9285714285714286,1.0,1.0,1.0,0.9615384615384616,0.002426845807524243,1.0,1.0,1.0,1.0,1.0,1.0,1.0,1.0,1.0
small_1_hidden_4_lr_0_1,4,0.1,13 -> 4 -> 3,0.0003054467642380508,1.0,1.0,1.0,1.0,1.0,1.0,1.0,1.0,1.0,0.13144955462553118,0.9444444444444444,0.9388888888888888,0.9696969696969697,0.9166666666666666,1.0,0.9,1.0,0.9090909090909091,1.0,0.00036291503206235684,1.0,1.0,1.0,1.0,1.0,1.0,1.0,1.0,1.0
small_1_hidden_4_lr_0_1,5,0.1,13 -> 4 -> 3,0.000319675135743812,1.0,1.0,1.0,1.0,1.0,1.0,1.0,1.0,1.0,4.3149828307582364e-05,1.0,1.0,1.0,1.0,1.0,1.0,1.0,1.0,1.0,0.14863984044297676,0.9428571428571428,0.9484126984126985,0.9713064713064713,0.9166666666666666,0.9285714285714286,1.0,1.0,0.9523809523809523,0.9615384615384616
small_1_hidden_4_lr_0_1,6,0.1,13 -> 4 -> 3,0.0003066338949172017,1.0,1.0,1.0,1.0,1.0,1.0,1.0,1.0,1.0,0.13362647000921662,0.9722222222222222,0.9761904761904763,0.9871794871794872,1.0,0.9285714285714286,1.0,1.0,1.0,0.9615384615384616,0.03484363526467397,0.9714285714285714,0.9629629629629629,0.9841269841269842,1.0,1.0,0.8888888888888888,1.0,0.9523809523809523,1.0
small_1_hidden_4_lr_0_1,7,0.1,13 -> 4 -> 3,0.0002143047964132107,1.0,1.0,1.0,1.0,1.0,1.0,1.0,1.0,1.0,0.08502982976235801,0.9444444444444444,0.9523809523809524,0.9732905982905984,1.0,0.8571428571428571,1.0,0.9583333333333334,1.0,0.9615384615384616,0.034623967083029505,0.9714285714285714,0.9629629629629629,0.9841269841269842,1.0,1.0,0.8888888888888888,1.0,0.9523809523809523,1.0
small_1_hidden_4_lr_0_1,8,0.1,13 -> 4 -> 3,0.0013710841381461857,1.0,1.0,1.0,1.0,1.0,1.0,1.0,1.0,1.0,0.0010965991216806182,1.0,1.0,1.0,1.0,1.0,1.0,1.0,1.0,1.0,0.20372238390046019,0.9428571428571428,0.9523809523809524,0.9743589743589745,1.0,0.8571428571428571,1.0,1.0,1.0,0.9230769230769231
small_1_hidden_4_lr_0_1,9,0.1,13 -> 4 -> 3,0.00035516510654330126,1.0,1.0,1.0,1.0,1.0,1.0,1.0,1.0,1.0,0.08420600423333187,0.9722222222222222,0.9761904761904763,0.9871794871794872,1.0,0.9285714285714286,1.0,1.0,1.0,0.9615384615384616,0.009100048372308326,1.0,1.0,1.0,1.0,1.0,1.0,1.0,1.0,1.0
small_1_hidden_8_lr_0_001,0,0.001,13 -> 8 -> 3,0.7496403849680828,0.6728971962616822,0.6201550387596899,0.8211805555555555,1.0,0.8604651162790697,0.0,0.9166666666666666,0.546875,1.0,0.7521226134708009,0.6388888888888888,0.5952380952380952,0.8080808080808081,1.0,0.7857142857142857,0.0,0.8333333333333334,0.5909090909090909,1.0,0.7357242565086487,0.6857142857142857,0.6190476190476191,0.8281573498964803,1.0,0.8571428571428571,0.0,0.9130434782608695,0.5714285714285714,1.0
small_1_hidden_8_lr_0_001,1,0.001,13 -> 8 -> 3,0.4006207449110992,0.9906542056074766,0.9922480620155039,0.9957264957264957,1.0,0.9767441860465116,1.0,1.0,1.0,0.9871794871794872,0.41558811194962986,0.9722222222222222,0.9761904761904763,0.9861111111111112,1.0,0.9285714285714286,1.0,0.9583333333333334,1.0,1.0,0.4282723219618086,0.9428571428571428,0.9523809523809524,0.9710144927536232,1.0,0.8571428571428571,1.0,0.9130434782608695,1.0,1.0
small_1_hidden_8_lr_0_001,2,0.001,13 -> 8 -> 3,0.4668922145240806,0.9719626168224299,0.9692595562683773,0.9849537037037037,1.0,0.9767441860465116,0.9310344827586207,0.9861111111111112,0.96875,1.0,0.49488916798598076,1.0,1.0,1.0,1.0,1.0,1.0,1.0,1.0,1.0,0.4861995221049546,1.0,1.0,1.0,1.0,1.0,1.0,1.0,1.0,1.0
small_1_hidden_8_lr_0_001,3,0.001,13 -> 8 -> 3,0.6097818952271964,0.9719626168224299,0.9767441860465116,0.9864672364672366,1.0,0.9302325581395349,1.0,0.9722222222222222,1.0,0.9871794871794872,0.6255565769950299,0.9444444444444444,0.9523809523809524,0.9722222222222222,1.0,0.8571428571428571,1.0,0.9166666666666666,1.0,1.0,0.611463337256698,0.9714285714285714,0.9761904761904763,0.9855072463768115,1.0,0.9285714285714286,1.0,0.9565217391304348,1.0,1.0
small_1_hidden_8_lr_0_001,4,0.001,13 -> 8 -> 3,0.5499130556146155,0.6635514018691588,0.6589147286821705,0.8134348290598291,0.0,0.9767441860465116,1.0,1.0,0.453125,0.9871794871794872,0.606277271912802,0.6111111111111112,0.6190476190476191,0.7925407925407925,0.0,0.8571428571428571,1.0,1.0,0.45454545454545453,0.9230769230769231,0.5149710655711282,0.6571428571428571,0.6666666666666666,0.8095238095238096,0.0,1.0,1.0,1.0,0.42857142857142855,1.0
small_1_hidden_8_lr_0_001,5,0.001,13 -> 8 -> 3,0.8145962098218358,0.6355140186915887,0.6206896551724138,0.796875,0.0,1.0,0.8620689655172413,1.0,0.390625,1.0,0.8167124698501124,0.6666666666666666,0.6666666666666666,0.8181818181818182,0.0,1.0,1.0,1.0,0.45454545454545453,1.0,0.8062320889377951,0.6571428571428571,0.6666666666666666,0.8095238095238096,0.0,1.0,1.0,1.0,0.42857142857142855,1.0
small_1_hidden_8_lr_0_001,6,0.001,13 -> 8 -> 3,0.471331508755885,0.9439252336448598,0.9534883720930232,0.9729344729344729,1.0,0.8604651162790697,1.0,0.9444444444444444,1.0,0.9743589743589743,0.5047691446804036,0.8888888888888888,0.9047619047619048,0.9476495726495727,1.0,0.7142857142857143,1.0,0.9583333333333334,1.0,0.8846153846153846,0.5014514856617647,0.9714285714285714,0.9761904761904763,0.9871794871794872,1.0,0.9285714285714286,1.0,1.0,1.0,0.9615384615384616
small_1_hidden_8_lr_0_001,7,0.001,13 -> 8 -> 3,0.5065506178139731,0.9719626168224299,0.9730018711574445,0.9855324074074074,1.0,0.9534883720930233,0.9655172413793104,0.9722222222222222,0.984375,1.0,0.6060443808137447,0.9444444444444444,0.9523809523809524,0.9722222222222222,1.0,0.8571428571428571,1.0,0.9166666666666666,1.0,1.0,0.5241296519110786,0.9142857142857143,0.9021164021164022,0.9537612146307799,1.0,0.9285714285714286,0.7777777777777778,0.9565217391304348,0.9047619047619048,1.0
small_1_hidden_8_lr_0_001,8,0.001,13 -> 8 -> 3,0.43659910014403025,0.9719626168224299,0.9767441860465116,0.9864672364672366,1.0,0.9302325581395349,1.0,0.9722222222222222,1.0,0.9871794871794872,0.42002247920386776,1.0,1.0,1.0,1.0,1.0,1.0,1.0,1.0,1.0,0.46663094268609595,0.9142857142857143,0.9285714285714285,0.9615384615384616,1.0,0.7857142857142857,1.0,1.0,1.0,0.8846153846153846
small_1_hidden_8_lr_0_001,9,0.001,13 -> 8 -> 3,0.5066906153933802,0.719626168224299,0.6589147286821705,0.8443287037037037,1.0,0.9767441860465116,0.0,0.9861111111111112,0.546875,1.0,0.5201973576555097,0.7222222222222222,0.6666666666666666,0.8484848484848485,1.0,1.0,0.0,1.0,0.5454545454545454,1.0,0.48931640401183807,0.7428571428571429,0.6666666666666666,0.8571428571428571,1.0,1.0,0.0,1.0,0.5714285714285714,1.0
small_1_hidden_8_lr_0_01,0,0.01,13 -> 8 -> 3,0.02071291973640798,1.0,1.0,1.0,1.0,1.0,1.0,1.0,1.0,1.0,0.060158269675970565,0.9722222222222222,0.9666666666666667,0.9848484848484849,1.0,1.0,0.9,1.0,0.9545454545454546,1.0,0.0378461295940625,1.0,1.0,1.0,1.0,1.0,1.0,1.0,1.0,1.0
small_1_hidden_8_lr_0_01,1,0.01,13 -> 8 -> 3,0.005005074039619451,1.0,1.0,1.0,1.0,1.0,1.0,1.0,1.0,1.0,0.12110319029315297,0.9722222222222222,0.9761904761904763,0.9861111111111112,1.0,0.9285714285714286,1.0,0.9583333333333334,1.0,1.0,0.12050519213290722,0.9142857142857143,0.9285714285714285,0.9581939799331104,1.0,0.7857142857142857,1.0,0.9130434782608695,1.0,0.9615384615384616
small_1_hidden_8_lr_0_01,2,0.01,13 -> 8 -> 3,0.004508753623321412,1.0,1.0,1.0,1.0,1.0,1.0,1.0,1.0,1.0,0.028437664935837943,0.9722222222222222,0.9761904761904763,0.9871794871794872,1.0,0.9285714285714286,1.0,1.0,1.0,0.9615384615384616,0.04979471394722861,0.9714285714285714,0.9761904761904763,0.9871794871794872,1.0,0.9285714285714286,1.0,1.0,1.0,0.9615384615384616
small_1_hidden_8_lr_0_01,3,0.01,13 -> 8 -> 3,0.0056566847409535445,1.0,1.0,1.0,1.0,1.0,1.0,1.0,1.0,1.0,0.09104770545301763,0.9444444444444444,0.9523809523809524,0.9732905982905984,1.0,0.8571428571428571,1.0,0.9583333333333334,1.0,0.9615384615384616,0.013784250457694101,1.0,1.0,1.0,1.0,1.0,1.0,1.0,1.0,1.0
small_1_hidden_8_lr_0_01,4,0.01,13 -> 8 -> 3,0.017752835064858506,1.0,1.0,1.0,1.0,1.0,1.0,1.0,1.0,1.0,0.10883959250674596,0.9444444444444444,0.9333333333333332,0.9696969696969697,1.0,1.0,0.8,1.0,0.9090909090909091,1.0,0.018457759330085248,1.0,1.0,1.0,1.0,1.0,1.0,1.0,1.0,1.0
small_1_hidden_8_lr_0_01,5,0.01,13 -> 8 -> 3,0.01960375754879308,1.0,1.0,1.0,1.0,1.0,1.0,1.0,1.0,1.0,0.016724208867315866,1.0,1.0,1.0,1.0,1.0,1.0,1.0,1.0,1.0,0.08462862977269234,0.9714285714285714,0.9761904761904763,0.9871794871794872,1.0,0.9285714285714286,1.0,1.0,1.0,0.9615384615384616
small_1_hidden_8_lr_0_01,6,0.01,13 -> 8 -> 3,0.0059960022456887405,1.0,1.0,1.0,1.0,1.0,1.0,1.0,1.0,1.0,0.07836016799742578,0.9722222222222222,0.9761904761904763,0.9871794871794872,1.0,0.9285714285714286,1.0,1.0,1.0,0.9615384615384616,0.020436107362112,1.0,1.0,1.0,1.0,1.0,1.0,1.0,1.0,1.0
small_1_hidden_8_lr_0_01,7,0.01,13 -> 8 -> 3,0.0034716080445894104,1.0,1.0,1.0,1.0,1.0,1.0,1.0,1.0,1.0,0.10103817854769327,0.9444444444444444,0.9523809523809524,0.9732905982905984,1.0,0.8571428571428571,1.0,0.9583333333333334,1.0,0.9615384615384616,0.036782861036913535,0.9714285714285714,0.9629629629629629,0.9841269841269842,1.0,1.0,0.8888888888888888,1.0,0.9523809523809523,1.0
small_1_hidden_8_lr_0_01,8,0.01,13 -> 8 -> 3,0.00545121386784533,1.0,1.0,1.0,1.0,1.0,1.0,1.0,1.0,1.0,0.002589623100014281,1.0,1.0,1.0,1.0,1.0,1.0,1.0,1.0,1.0,0.10833395184361963,0.9428571428571428,0.9523809523809524,0.9743589743589745,1.0,0.8571428571428571,1.0,1.0,1.0,0.9230769230769231
small_1_hidden_8_lr_0_01,9,0.01,13 -> 8 -> 3,0.021026309741132395,1.0,1.0,1.0,1.0,1.0,1.0,1.0,1.0,1.0,0.05059703127501235,0.9722222222222222,0.9761904761904763,0.9871794871794872,1.0,0.9285714285714286,1.0,1.0,1.0,0.9615384615384616,0.02943319744338249,1.0,1.0,1.0,1.0,1.0,1.0,1.0,1.0,1.0
small_1_hidden_8_lr_0_1,0,0.1,13 -> 8 -> 3,0.0013496657206492806,1.0,1.0,1.0,1.0,1.0,1.0,1.0,1.0,1.0,0.05406022108838024,0.9722222222222222,0.9666666666666667,0.9848484848484849,1.0,1.0,0.9,1.0,0.9545454545454546,1.0,0.016633757868343486,1.0,1.0,1.0,1.0,1.0,1.0,1.0,1.0,1.0
small_1_hidden_8_lr_0_1,1,0.1,13 -> 8 -> 3,0.000262693264496872,1.0,1.0,1.0,1.0,1.0,1.0,1.0,1.0,1.0,0.14270128585628103,0.9722222222222222,0.9761904761904763,0.9861111111111112,1.0,0.9285714285714286,1.0,0.9583333333333334,1.0,1.0,0.12225147592487089,0.9428571428571428,0.9523809523809524,0.9726867335562988,1.0,0.8571428571428571,1.0,0.9565217391304348,1.0,0.9615384615384616
small_1_hidden_8_lr_0_1,2,0.1,13 -> 8 -> 3,0.00024285368648466855,1.0,1.0,1.0,1.0,1.0,1.0,1.0,1.0,1.0,0.024941656433828067,0.9722222222222222,0.9761904761904763,0.9871794871794872,1.0,0.9285714285714286,1.0,1.0,1.0,0.9615384615384616,0.03623230041425779,0.9714285714285714,0.9761904761904763,0.9871794871794872,1.0,0.9285714285714286,1.0,1.0,1.0,0.9615384615384616
small_1_hidden_8_lr_0_1,3,0.1,13 -> 8 -> 3,0.00028196726917973405,1.0,1.0,1.0,1.0,1.0,1.0,1.0,1.0,1.0,0.13884552954529752,0.9722222222222222,0.9761904761904763,0.9871794871794872,1.0,0.9285714285714286,1.0,1.0,1.0,0.9615384615384616,0.0010716224503180456,1.0,1.0,1.0,1.0,1.0,1.0,1.0,1.0,1.0
small_1_hidden_8_lr_0_1,4,0.1,13 -> 8 -> 3,0.0012959375209588473,1.0,1.0,1.0,1.0,1.0,1.0,1.0,1.0,1.0,0.14808025486261986,0.9166666666666666,0.9055555555555556,0.9545454545454546,0.9166666666666666,1.0,0.8,1.0,0.8636363636363636,1.0,0.0019772690410393102,1.0,1.0,1.0,1.0,1.0,1.0,1.0,1.0,1.0
small_1_hidden_8_lr_0_1,5,0.1,13 -> 8 -> 3,0.0013919307810775444,1.0,1.0,1.0,1.0,1.0,1.0,1.0,1.0,1.0,0.0011308405075157975,1.0,1.0,1.0,1.0,1.0,1.0,1.0,1.0,1.0,0.11766429820167837,0.9714285714285714,0.9761904761904763,0.9871794871794872,1.0,0.9285714285714286,1.0,1.0,1.0,0.9615384615384616
small_1_hidden_8_lr_0_1,6,0.1,13 -> 8 -> 3,0.0003000510662219139,1.0,1.0,1.0,1.0,1.0,1.0,1.0,1.0,1.0,0.1326476263514411,0.9722222222222222,0.9761904761904763,0.9871794871794872,1.0,0.9285714285714286,1.0,1.0,1.0,0.9615384615384616,0.033021281131548806,0.9714285714285714,0.9629629629629629,0.9841269841269842,1.0,1.0,0.8888888888888888,1.0,0.9523809523809523,1.0
small_1_hidden_8_lr_0_1,7,0.1,13 -> 8 -> 3,0.00021481296447810886,1.0,1.0,1.0,1.0,1.0,1.0,1.0,1.0,1.0,0.0842283680329431,0.9444444444444444,0.9523809523809524,0.9732905982905984,1.0,0.8571428571428571,1.0,0.9583333333333334,1.0,0.9615384615384616,0.03696299653059195,0.9714285714285714,0.9629629629629629,0.9841269841269842,1.0,1.0,0.8888888888888888,1.0,0.9523809523809523,1.0
small_1_hidden_8_lr_0_1,8,0.1,13 -> 8 -> 3,0.0003101354251543449,1.0,1.0,1.0,1.0,1.0,1.0,1.0,1.0,1.0,8.764028094377227e-05,1.0,1.0,1.0,1.0,1.0,1.0,1.0,1.0,1.0,0.17519697577404897,0.9428571428571428,0.9523809523809524,0.9743589743589745,1.0,0.8571428571428571,1.0,1.0,1.0,0.9230769230769231
small_1_hidden_8_lr_0_1,9,0.1,13 -> 8 -> 3,0.0014079227582351396,1.0,1.0,1.0,1.0,1.0,1.0,1.0,1.0,1.0,0.09695146380883125,0.9722222222222222,0.9761904761904763,0.9871794871794872,1.0,0.9285714285714286,1.0,1.0,1.0,0.9615384615384616,0.004325242971602009,1.0,1.0,1.0,1.0,1.0,1.0,1.0,1.0,1.0
medium_1_hidden_13_lr_0_001,0,0.001,13 -> 13 -> 3,0.3870335736730198,0.9719626168224299,0.9767441860465116,0.9868233618233618,1.0,0.9302325581395349,1.0,0.9861111111111112,1.0,0.9743589743589743,0.36555546975701436,0.9444444444444444,0.9523809523809524,0.9722222222222222,1.0,0.8571428571428571,1.0,0.9166666666666666,1.0,1.0,0.3789813472311196,0.9714285714285714,0.9761904761904763,0.9855072463768115,1.0,0.9285714285714286,1.0,0.9565217391304348,1.0,1.0
medium_1_hidden_13_lr_0_001,1,0.001,13 -> 13 -> 3,0.3543636933682946,0.9813084112149533,0.9844961240310077,0.9914529914529915,1.0,0.9534883720930233,1.0,1.0,1.0,0.9743589743589743,0.37817979768001997,0.9722222222222222,0.9761904761904763,0.9861111111111112,1.0,0.9285714285714286,1.0,0.9583333333333334,1.0,1.0,0.3909746289209742,0.9428571428571428,0.9523809523809524,0.9710144927536232,1.0,0.8571428571428571,1.0,0.9130434782608695,1.0,1.0
medium_1_hidden_13_lr_0_001,2,0.001,13 -> 13 -> 3,0.34480198819639124,0.9719626168224299,0.9767441860465116,0.9868233618233618,1.0,0.9302325581395349,1.0,0.9861111111111112,1.0,0.9743589743589743,0.35082928967987237,1.0,1.0,1.0,1.0,1.0,1.0,1.0,1.0,1.0,0.3750512283425215,0.9714285714285714,0.9761904761904763,0.9871794871794872,1.0,0.9285714285714286,1.0,1.0,1.0,0.9615384615384616
medium_1_hidden_13_lr_0_001,3,0.001,13 -> 13 -> 3,0.3327493983588098,0.9719626168224299,0.9767441860465116,0.9864672364672366,1.0,0.9302325581395349,1.0,0.9722222222222222,1.0,0.9871794871794872,0.36710736633253427,0.9166666666666666,0.9285714285714285,0.9583333333333334,1.0,0.7857142857142857,1.0,0.875,1.0,1.0,0.3580192582322607,0.9428571428571428,0.9523809523809524,0.9726867335562988,1.0,0.8571428571428571,1.0,0.9565217391304348,1.0,0.9615384615384616
medium_1_hidden_13_lr_0_001,4,0.001,13 -> 13 -> 3,0.4514388732557114,0.9813084112149533,0.9844961240310077,0.9910968660968661,1.0,0.9534883720930233,1.0,0.9861111111111112,1.0,0.9871794871794872,0.5042043105864534,0.9166666666666666,0.9285714285714285,0.9604700854700855,1.0,0.7857142857142857,1.0,0.9583333333333334,1.0,0.9230769230769231,0.3963079626986259,1.0,1.0,1.0,1.0,1.0,1.0,1.0,1.0,1.0
medium_1_hidden_13_lr_0_001,5,0.001,13 -> 13 -> 3,0.37415704357525054,0.9813084112149533,0.9844961240310077,0.9910968660968661,1.0,0.9534883720930233,1.0,0.9861111111111112,1.0,0.9871794871794872,0.330363706130803,1.0,1.0,1.0,1.0,1.0,1.0,1.0,1.0,1.0,0.3915096798823952,0.9714285714285714,0.9761904761904763,0.9871794871794872,1.0,0.9285714285714286,1.0,1.0,1.0,0.9615384615384616
medium_1_hidden_13_lr_0_001,6,0.001,13 -> 13 -> 3,0.3843661598133482,0.9719626168224299,0.9767441860465116,0.9864672364672366,1.0,0.9302325581395349,1.0,0.9722222222222222,1.0,0.9871794871794872,0.4032528169083865,0.9722222222222222,0.9761904761904763,0.9871794871794872,1.0,0.9285714285714286,1.0,1.0,1.0,0.9615384615384616,0.41040458012135383,0.9714285714285714,0.9761904761904763,0.9871794871794872,1.0,0.9285714285714286,1.0,1.0,1.0,0.9615384615384616
medium_1_hidden_13_lr_0_001,7,0.001,13 -> 13 -> 3,0.3721215491333969,1.0,1.0,1.0,1.0,1.0,1.0,1.0,1.0,1.0,0.4757008317815057,0.9444444444444444,0.9523809523809524,0.9732905982905984,1.0,0.8571428571428571,1.0,0.9583333333333334,1.0,0.9615384615384616,0.3978122044084836,1.0,1.0,1.0,1.0,1.0,1.0,1.0,1.0,1.0
medium_1_hidden_13_lr_0_001,8,0.001,13 -> 13 -> 3,0.5802952814009212,0.7102803738317757,0.6511627906976744,0.8396990740740741,1.0,0.9534883720930233,0.0,0.9722222222222222,0.546875,1.0,0.5805911640910644,0.7222222222222222,0.6666666666666666,0.8484848484848485,1.0,1.0,0.0,1.0,0.5454545454545454,1.0,0.561248901108791,0.7428571428571429,0.6666666666666666,0.8585231193926847,1.0,1.0,0.0,0.9565217391304348,0.6190476190476191,1.0
medium_1_hidden_13_lr_0_001,9,0.001,13 -> 13 -> 3,0.33406970139688,0.9813084112149533,0.9844961240310077,0.9910968660968661,1.0,0.9534883720930233,1.0,0.9861111111111112,1.0,0.9871794871794872,0.362215687525844,0.9444444444444444,0.9523809523809524,0.9743589743589745,1.0,0.8571428571428571,1.0,1.0,1.0,0.9230769230769231,0.33081645283924005,1.0,1.0,1.0,1.0,1.0,1.0,1.0,1.0,1.0
medium_1_hidden_13_lr_0_01,0,0.01,13 -> 13 -> 3,0.004530349577995577,1.0,1.0,1.0,1.0,1.0,1.0,1.0,1.0,1.0,0.04637050533151484,0.9722222222222222,0.9666666666666667,0.9848484848484849,1.0,1.0,0.9,1.0,0.9545454545454546,1.0,0.01816410122228195,1.0,1.0,1.0,1.0,1.0,1.0,1.0,1.0,1.0
medium_1_hidden_13_lr_0_01,1,0.01,13 -> 13 -> 3,0.005022489057064261,1.0,1.0,1.0,1.0,1.0,1.0,1.0,1.0,1.0,0.1244678471894244,0.9722222222222222,0.9761904761904763,0.9861111111111112,1.0,0.9285714285714286,1.0,0.9583333333333334,1.0,1.0,0.12135932714293503,0.9142857142857143,0.9285714285714285,0.9581939799331104,1.0,0.7857142857142857,1.0,0.9130434782608695,1.0,0.9615384615384616
medium_1_hidden_13_lr_0_01,2,0.01,13 -> 13 -> 3,0.004514642127474459,1.0,1.0,1.0,1.0,1.0,1.0,1.0,1.0,1.0,0.02761356781880194,0.9722222222222222,0.9761904761904763,0.9871794871794872,1.0,0.9285714285714286,1.0,1.0,1.0,0.9615384615384616,0.04957235364711821,0.9714285714285714,0.9761904761904763,0.9871794871794872,1.0,0.9285714285714286,1.0,1.0,1.0,0.9615384615384616
medium_1_hidden_13_lr_0_01,3,0.01,13 -> 13 -> 3,0.005516533005554048,1.0,1.0,1.0,1.0,1.0,1.0,1.0,1.0,1.0,0.0907484786144133,0.9444444444444444,0.9523809523809524,0.9732905982905984,1.0,0.8571428571428571,1.0,0.9583333333333334,1.0,0.9615384615384616,0.0134594186507911,1.0,1.0,1.0,1.0,1.0,1.0,1.0,1.0,1.0
medium_1_hidden_13_lr_0_01,4,0.01,13 -> 13 -> 3,0.004922147453960313,1.0,1.0,1.0,1.0,1.0,1.0,1.0,1.0,1.0,0.0891216732108996,0.9722222222222222,0.9666666666666667,0.9848484848484849,1.0,1.0,0.9,1.0,0.9545454545454546,1.0,0.002720945429980423,1.0,1.0,1.0,1.0,1.0,1.0,1.0,1.0,1.0
medium_1_hidden_13_lr_0_01,5,0.01,13 -> 13 -> 3,0.0055104920621134946,1.0,1.0,1.0,1.0,1.0,1.0,1.0,1.0,1.0,0.00151065564748281,1.0,1.0,1.0,1.0,1.0,1.0,1.0,1.0,1.0,0.09801313682350572,0.9714285714285714,0.9761904761904763,0.9871794871794872,1.0,0.9285714285714286,1.0,1.0,1.0,0.9615384615384616
medium_1_hidden_13_lr_0_01,6,0.01,13 -> 13 -> 3,0.005654679368000798,1.0,1.0,1.0,1.0,1.0,1.0,1.0,1.0,1.0,0.07900681211123917,0.9722222222222222,0.9761904761904763,0.9871794871794872,1.0,0.9285714285714286,1.0,1.0,1.0,0.9615384615384616,0.02086186610750662,1.0,1.0,1.0,1.0,1.0,1.0,1.0,1.0,1.0
medium_1_hidden_13_lr_0_01,7,0.01,13 -> 13 -> 3,0.0034208857214439842,1.0,1.0,1.0,1.0,1.0,1.0,1.0,1.0,1.0,0.09779196068795452,0.9444444444444444,0.9523809523809524,0.9732905982905984,1.0,0.8571428571428571,1.0,0.9583333333333334,1.0,0.9615384615384616,0.03669253029557869,0.9714285714285714,0.9629629629629629,0.9841269841269842,1.0,1.0,0.8888888888888888,1.0,0.9523809523809523,1.0
medium_1_hidden_13_lr_0_01,8,0.01,13 -> 13 -> 3,0.0053900429293492575,1.0,1.0,1.0,1.0,1.0,1.0,1.0,1.0,1.0,0.002383404893058336,1.0,1.0,1.0,1.0,1.0,1.0,1.0,1.0,1.0,0.10806798940557058,0.9714285714285714,0.9761904761904763,0.9871794871794872,1.0,0.9285714285714286,1.0,1.0,1.0,0.9615384615384616
medium_1_hidden_13_lr_0_01,9,0.01,13 -> 13 -> 3,0.005910918876627426,1.0,1.0,1.0,1.0,1.0,1.0,1.0,1.0,1.0,0.046123406954739266,0.9722222222222222,0.9761904761904763,0.9871794871794872,1.0,0.9285714285714286,1.0,1.0,1.0,0.9615384615384616,0.017862351404706857,1.0,1.0,1.0,1.0,1.0,1.0,1.0,1.0,1.0
medium_1_hidden_13_lr_0_1,0,0.1,13 -> 13 -> 3,0.0002569825744625767,1.0,1.0,1.0,1.0,1.0,1.0,1.0,1.0,1.0,0.05827717975837464,0.9722222222222222,0.9666666666666667,0.9848484848484849,1.0,1.0,0.9,1.0,0.9545454545454546,1.0,0.010968458499618031,1.0,1.0,1.0,1.0,1.0,1.0,1.0,1.0,1.0
medium_1_hidden_13_lr_0_1,1,0.1,13 -> 13 -> 3,0.0002625997502629748,1.0,1.0,1.0,1.0,1.0,1.0,1.0,1.0,1.0,0.1456773974772151,0.9722222222222222,0.9761904761904763,0.9861111111111112,1.0,0.9285714285714286,1.0,0.9583333333333334,1.0,1.0,0.12127242288524617,0.9428571428571428,0.9523809523809524,0.9726867335562988,1.0,0.8571428571428571,1.0,0.9565217391304348,1.0,0.9615384615384616
medium_1_hidden_13_lr_0_1,2,0.1,13 -> 13 -> 3,0.0002421055565201101,1.0,1.0,1.0,1.0,1.0,1.0,1.0,1.0,1.0,0.024868766738791202,1.0,1.0,1.0,1.0,1.0,1.0,1.0,1.0,1.0,0.037954740042243224,0.9714285714285714,0.9761904761904763,0.9871794871794872,1.0,0.9285714285714286,1.0,1.0,1.0,0.9615384615384616
medium_1_hidden_13_lr_0_1,3,0.1,13 -> 13 -> 3,0.0002814794000874158,1.0,1.0,1.0,1.0,1.0,1.0,1.0,1.0,1.0,0.1374142338183276,0.9722222222222222,0.9761904761904763,0.9871794871794872,1.0,0.9285714285714286,1.0,1.0,1.0,0.9615384615384616,0.0010838570740764023,1.0,1.0,1.0,1.0,1.0,1.0,1.0,1.0,1.0
medium_1_hidden_13_lr_0_1,4,0.1,13 -> 13 -> 3,0.0003008312544632899,1.0,1.0,1.0,1.0,1.0,1.0,1.0,1.0,1.0,0.13559791217418077,0.9444444444444444,0.9388888888888888,0.9696969696969697,0.9166666666666666,1.0,0.9,1.0,0.9090909090909091,1.0,0.00037518448752412006,1.0,1.0,1.0,1.0,1.0,1.0,1.0,1.0,1.0
medium_1_hidden_13_lr_0_1,5,0.1,13 -> 13 -> 3,0.00031870278507866286,1.0,1.0,1.0,1.0,1.0,1.0,1.0,1.0,1.0,4.0758221308557775e-05,1.0,1.0,1.0,1.0,1.0,1.0,1.0,1.0,1.0,0.14882324210685796,0.9428571428571428,0.9484126984126985,0.9713064713064713,0.9166666666666666,0.9285714285714286,1.0,1.0,0.9523809523809523,0.9615384615384616
medium_1_hidden_13_lr_0_1,6,0.1,13 -> 13 -> 3,0.0003071311996347646,1.0,1.0,1.0,1.0,1.0,1.0,1.0,1.0,1.0,0.12787167989431855,0.9722222222222222,0.9761904761904763,0.9871794871794872,1.0,0.9285714285714286,1.0,1.0,1.0,0.9615384615384616,0.038784372754323025,0.9714285714285714,0.9629629629629629,0.9841269841269842,1.0,1.0,0.8888888888888888,1.0,0.9523809523809523,1.0
medium_1_hidden_13_lr_0_1,7,0.1,13 -> 13 -> 3,0.00021507601607026106,1.0,1.0,1.0,1.0,1.0,1.0,1.0,1.0,1.0,0.08148004317588928,0.9444444444444444,0.9523809523809524,0.9732905982905984,1.0,0.8571428571428571,1.0,0.9583333333333334,1.0,0.9615384615384616,0.037006252460757935,0.9714285714285714,0.9629629629629629,0.9841269841269842,1.0,1.0,0.8888888888888888,1.0,0.9523809523809523,1.0
medium_1_hidden_13_lr_0_1,8,0.1,13 -> 13 -> 3,0.0003051218517988337,1.0,1.0,1.0,1.0,1.0,1.0,1.0,1.0,1.0,7.864145866253289e-05,1.0,1.0,1.0,1.0,1.0,1.0,1.0,1.0,1.0,0.1750208693561833,0.9428571428571428,0.9523809523809524,0.9743589743589745,1.0,0.8571428571428571,1.0,1.0,1.0,0.9230769230769231
medium_1_hidden_13_lr_0_1,9,0.1,13 -> 13 -> 3,0.0003560159903185526,1.0,1.0,1.0,1.0,1.0,1.0,1.0,1.0,1.0,0.08581254007713543,0.9722222222222222,0.9761904761904763,0.9871794871794872,1.0,0.9285714285714286,1.0,1.0,1.0,0.9615384615384616,0.008942564182891946,1.0,1.0,1.0,1.0,1.0,1.0,1.0,1.0,1.0
medium_2_hidden_13_8_lr_0_001,0,0.001,13 -> 13 -> 8 -> 3,1.0858483342027117,0.40186915887850466,0.3333333333333333,0.6666666666666666,0.0,1.0,0.0,1.0,0.0,1.0,1.0894266500336947,0.3888888888888889,0.3333333333333333,0.6666666666666666,0.0,1.0,0.0,1.0,0.0,1.0,1.083942210756435,0.4,0.3333333333333333,0.6666666666666666,0.0,1.0,0.0,1.0,0.0,1.0
medium_2_hidden_13_8_lr_0_001,1,0.001,13 -> 13 -> 8 -> 3,1.0858260000326159,0.40186915887850466,0.3333333333333333,0.6666666666666666,0.0,1.0,0.0,1.0,0.0,1.0,1.0894009098448114,0.3888888888888889,0.3333333333333333,0.6666666666666666,0.0,1.0,0.0,1.0,0.0,1.0,1.083922198973081,0.4,0.3333333333333333,0.6666666666666666,0.0,1.0,0.0,1.0,0.0,1.0
medium_2_hidden_13_8_lr_0_001,2,0.001,13 -> 13 -> 8 -> 3,1.0858295388785466,0.40186915887850466,0.3333333333333333,0.6666666666666666,0.0,1.0,0.0,1.0,0.0,1.0,1.0894240739845593,0.3888888888888889,0.3333333333333333,0.6666666666666666,0.0,1.0,0.0,1.0,0.0,1.0,1.0839013546766811,0.4,0.3333333333333333,0.6666666666666666,0.0,1.0,0.0,1.0,0.0,1.0
medium_2_hidden_13_8_lr_0_001,3,0.001,13 -> 13 -> 8 -> 3,1.0858247240769503,0.40186915887850466,0.3333333333333333,0.6666666666666666,0.0,1.0,0.0,1.0,0.0,1.0,1.0894191922766499,0.3888888888888889,0.3333333333333333,0.6666666666666666,0.0,1.0,0.0,1.0,0.0,1.0,1.0839203885063553,0.4,0.3333333333333333,0.6666666666666666,0.0,1.0,0.0,1.0,0.0,1.0
medium_2_hidden_13_8_lr_0_001,4,0.001,13 -> 13 -> 8 -> 3,1.0858233387069411,0.40186915887850466,0.3333333333333333,0.6666666666666666,0.0,1.0,0.0,1.0,0.0,1.0,1.0894322722329202,0.3888888888888889,0.3333333333333333,0.6666666666666666,0.0,1.0,0.0,1.0,0.0,1.0,1.0839438819245106,0.4,0.3333333333333333,0.6666666666666666,0.0,1.0,0.0,1.0,0.0,1.0
medium_2_hidden_13_8_lr_0_001,5,0.001,13 -> 13 -> 8 -> 3,1.0858361126385523,0.40186915887850466,0.3333333333333333,0.6666666666666666,0.0,1.0,0.0,1.0,0.0,1.0,1.0894319620454018,0.3888888888888889,0.3333333333333333,0.6666666666666666,0.0,1.0,0.0,1.0,0.0,1.0,1.0839554395831603,0.4,0.3333333333333333,0.6666666666666666,0.0,1.0,0.0,1.0,0.0,1.0
medium_2_hidden_13_8_lr_0_001,6,0.001,13 -> 13 -> 8 -> 3,1.085834097860757,0.40186915887850466,0.3333333333333333,0.6666666666666666,0.0,1.0,0.0,1.0,0.0,1.0,1.08941210156831,0.3888888888888889,0.3333333333333333,0.6666666666666666,0.0,1.0,0.0,1.0,0.0,1.0,1.0839296720294067,0.4,0.3333333333333333,0.6666666666666666,0.0,1.0,0.0,1.0,0.0,1.0
medium_2_hidden_13_8_lr_0_001,7,0.001,13 -> 13 -> 8 -> 3,1.085842099388831,0.40186915887850466,0.3333333333333333,0.6666666666666666,0.0,1.0,0.0,1.0,0.0,1.0,1.0894365952136493,0.3888888888888889,0.3333333333333333,0.6666666666666666,0.0,1.0,0.0,1.0,0.0,1.0,1.083972750592784,0.4,0.3333333333333333,0.6666666666666666,0.0,1.0,0.0,1.0,0.0,1.0
medium_2_hidden_13_8_lr_0_001,8,0.001,13 -> 13 -> 8 -> 3,1.0858378026858309,0.40186915887850466,0.3333333333333333,0.6666666666666666,0.0,1.0,0.0,1.0,0.0,1.0,1.0894332409381962,0.3888888888888889,0.3333333333333333,0.6666666666666666,0.0,1.0,0.0,1.0,0.0,1.0,1.0839642650610495,0.4,0.3333333333333333,0.6666666666666666,0.0,1.0,0.0,1.0,0.0,1.0
medium_2_hidden_13_8_lr_0_001,9,0.001,13 -> 13 -> 8 -> 3,1.0858384307046565,0.40186915887850466,0.3333333333333333,0.6666666666666666,0.0,1.0,0.0,1.0,0.0,1.0,1.089415236437035,0.3888888888888889,0.3333333333333333,0.6666666666666666,0.0,1.0,0.0,1.0,0.0,1.0,1.0839317554664,0.4,0.3333333333333333,0.6666666666666666,0.0,1.0,0.0,1.0,0.0,1.0
medium_2_hidden_13_8_lr_0_01,0,0.01,13 -> 13 -> 8 -> 3,1.0386928270505627,0.40186915887850466,0.3333333333333333,0.6666666666666666,0.0,1.0,0.0,1.0,0.0,1.0,1.0412678801691773,0.3888888888888889,0.3333333333333333,0.6666666666666666,0.0,1.0,0.0,1.0,0.0,1.0,1.0362425359482295,0.4,0.3333333333333333,0.6666666666666666,0.0,1.0,0.0,1.0,0.0,1.0
medium_2_hidden_13_8_lr_0_01,1,0.01,13 -> 13 -> 8 -> 3,0.47592860125484066,0.7289719626168224,0.6666666666666666,0.8489583333333334,1.0,1.0,0.0,1.0,0.546875,1.0,0.5843854931287912,0.6944444444444444,0.6428571428571429,0.8345959595959597,1.0,0.9285714285714286,0.0,0.9583333333333334,0.5454545454545454,1.0,0.608769405109739,0.6571428571428571,0.5952380952380952,0.8136645962732919,1.0,0.7857142857142857,0.0,0.8695652173913043,0.5714285714285714,1.0
medium_2_hidden_13_8_lr_0_01,2,0.01,13 -> 13 -> 8 -> 3,0.5097518845486768,0.7289719626168224,0.6666666666666666,0.8489583333333334,1.0,1.0,0.0,1.0,0.546875,1.0,0.5185548755817698,0.7222222222222222,0.6666666666666666,0.8484848484848485,1.0,1.0,0.0,1.0,0.5454545454545454,1.0,0.4974196504783659,0.7428571428571429,0.6666666666666666,0.8571428571428571,1.0,1.0,0.0,1.0,0.5714285714285714,1.0
medium_2_hidden_13_8_lr_0_01,3,0.01,13 -> 13 -> 8 -> 3,0.13226209750063447,0.9906542056074766,0.9922480620155039,0.9957264957264957,1.0,0.9767441860465116,1.0,1.0,1.0,0.9871794871794872,0.17932914099744168,0.9444444444444444,0.9523809523809524,0.9722222222222222,1.0,0.8571428571428571,1.0,0.9166666666666666,1.0,1.0,0.17944727797256865,0.9428571428571428,0.9523809523809524,0.9726867335562988,1.0,0.8571428571428571,1.0,0.9565217391304348,1.0,0.9615384615384616
medium_2_hidden_13_8_lr_0_01,4,0.01,13 -> 13 -> 8 -> 3,0.15814362704530435,0.9813084112149533,0.9844961240310077,0.9910968660968661,1.0,0.9534883720930233,1.0,0.9861111111111112,1.0,0.9871794871794872,0.22774179826828173,0.9166666666666666,0.9285714285714285,0.9604700854700855,1.0,0.7857142857142857,1.0,0.9583333333333334,1.0,0.9230769230769231,0.12338868630518415,1.0,1.0,1.0,1.0,1.0,1.0,1.0,1.0,1.0
medium_2_hidden_13_8_lr_0_01,5,0.01,13 -> 13 -> 8 -> 3,0.44400478223003154,0.7289719626168224,0.6666666666666666,0.8489583333333334,1.0,1.0,0.0,1.0,0.546875,1.0,0.4431162772453645,0.7222222222222222,0.6666666666666666,0.8484848484848485,1.0,1.0,0.0,1.0,0.5454545454545454,1.0,0.48284188589320426,0.7142857142857143,0.6388888888888888,0.8412698412698413,0.9166666666666666,1.0,0.0,1.0,0.5238095238095238,1.0
medium_2_hidden_13_8_lr_0_01,6,0.01,13 -> 13 -> 8 -> 3,0.5133568920516595,0.9252336448598131,0.9255813953488371,0.9592681623931624,0.8,0.9767441860465116,1.0,1.0,0.890625,0.9871794871794872,0.5479282932845493,0.8333333333333334,0.8373015873015873,0.9114219114219114,0.5833333333333334,0.9285714285714286,1.0,1.0,0.7727272727272727,0.9615384615384616,0.5420892212680657,0.8571428571428571,0.8650793650793651,0.9236874236874236,0.6666666666666666,0.9285714285714286,1.0,1.0,0.8095238095238095,0.9615384615384616
medium_2_hidden_13_8_lr_0_01,7,0.01,13 -> 13 -> 8 -> 3,1.0012491671961075,0.7009345794392523,0.638095238095238,0.8495370370370371,0.9142857142857143,1.0,0.0,0.6111111111111112,0.9375,1.0,1.022725897685343,0.5555555555555556,0.5,0.7689393939393939,0.5,1.0,0.0,0.625,0.6818181818181818,1.0,0.9983700283359027,0.7428571428571429,0.6666666666666666,0.8668046928916494,1.0,1.0,0.0,0.6956521739130435,0.9047619047619048,1.0
medium_2_hidden_13_8_lr_0_01,8,0.01,13 -> 13 -> 8 -> 3,0.5348571400786455,0.9626168224299065,0.9654485049833887,0.9806801994301995,0.9428571428571428,0.9534883720930233,1.0,0.9861111111111112,0.96875,0.9871794871794872,0.5318524864001818,0.9166666666666666,0.9166666666666666,0.9545454545454546,0.75,1.0,1.0,1.0,0.8636363636363636,1.0,0.5973775113815082,0.8285714285714286,0.8531746031746031,0.92002442002442,0.9166666666666666,0.6428571428571429,1.0,1.0,0.9523809523809523,0.8076923076923077
medium_2_hidden_13_8_lr_0_01,9,0.01,13 -> 13 -> 8 -> 3,0.46716878238279264,0.7289719626168224,0.6666666666666666,0.8489583333333334,1.0,1.0,0.0,1.0,0.546875,1.0,0.4872757701955539,0.7222222222222222,0.6666666666666666,0.8484848484848485,1.0,1.0,0.0,1.0,0.5454545454545454,1.0,0.4582970538684814,0.7428571428571429,0.6666666666666666,0.8571428571428571,1.0,1.0,0.0,1.0,0.5714285714285714,1.0
medium_2_hidden_13_8_lr_0_1,0,0.1,13 -> 13 -> 8 -> 3,0.00010779709916958128,1.0,1.0,1.0,1.0,1.0,1.0,1.0,1.0,1.0,0.06636233086321432,0.9722222222222222,0.9666666666666667,0.9848484848484849,1.0,1.0,0.9,1.0,0.9545454545454546,1.0,0.006047722457835762,1.0,1.0,1.0,1.0,1.0,1.0,1.0,1.0,1.0
medium_2_hidden_13_8_lr_0_1,1,0.1,13 -> 13 -> 8 -> 3,0.0011452160748058992,1.0,1.0,1.0,1.0,1.0,1.0,1.0,1.0,1.0,0.13338944517352996,0.9722222222222222,0.9761904761904763,0.9861111111111112,1.0,0.9285714285714286,1.0,0.9583333333333334,1.0,1.0,0.09819114809710149,0.9142857142857143,0.9285714285714285,0.9581939799331104,1.0,0.7857142857142857,1.0,0.9130434782608695,1.0,0.9615384615384616
medium_2_hidden_13_8_lr_0_1,2,0.1,13 -> 13 -> 8 -> 3,8.73236229245172e-05,1.0,1.0,1.0,1.0,1.0,1.0,1.0,1.0,1.0,0.011142304385314623,1.0,1.0,1.0,1.0,1.0,1.0,1.0,1.0,1.0,0.05299676034389216,0.9714285714285714,0.9761904761904763,0.9871794871794872,1.0,0.9285714285714286,1.0,1.0,1.0,0.9615384615384616
medium_2_hidden_13_8_lr_0_1,3,0.1,13 -> 13 -> 8 -> 3,0.0001338103055399049,1.0,1.0,1.0,1.0,1.0,1.0,1.0,1.0,1.0,0.040894693927003505,0.9722222222222222,0.9761904761904763,0.9871794871794872,1.0,0.9285714285714286,1.0,1.0,1.0,0.9615384615384616,0.05889713378814532,0.9714285714285714,0.9761904761904763,0.9855072463768115,1.0,0.9285714285714286,1.0,0.9565217391304348,1.0,1.0
medium_2_hidden_13_8_lr_0_1,4,0.1,13 -> 13 -> 8 -> 3,0.00012218567708823053,1.0,1.0,1.0,1.0,1.0,1.0,1.0,1.0,1.0,0.09041778674553025,0.9722222222222222,0.9666666666666667,0.9848484848484849,1.0,1.0,0.9,1.0,0.9545454545454546,1.0,6.671868781563113e-05,1.0,1.0,1.0,1.0,1.0,1.0,1.0,1.0,1.0
medium_2_hidden_13_8_lr_0_1,5,0.1,13 -> 13 -> 8 -> 3,9.237841503889091e-05,1.0,1.0,1.0,1.0,1.0,1.0,1.0,1.0,1.0,1.474019411739768e-05,1.0,1.0,1.0,1.0,1.0,1.0,1.0,1.0,1.0,0.21807949978072777,0.9428571428571428,0.9484126984126985,0.9713064713064713,0.9166666666666666,0.9285714285714286,1.0,1.0,0.9523809523809523,0.9615384615384616
medium_2_hidden_13_8_lr_0_1,6,0.1,13 -> 13 -> 8 -> 3,0.00011529215175708622,1.0,1.0,1.0,1.0,1.0,1.0,1.0,1.0,1.0,0.16007556341212384,0.9722222222222222,0.9761904761904763,0.9871794871794872,1.0,0.9285714285714286,1.0,1.0,1.0,0.9615384615384616,0.03519605798480923,0.9714285714285714,0.9629629629629629,0.9841269841269842,1.0,1.0,0.8888888888888888,1.0,0.9523809523809523,1.0
medium_2_hidden_13_8_lr_0_1,7,0.1,13 -> 13 -> 8 -> 3,8.052495629576248e-05,1.0,1.0,1.0,1.0,1.0,1.0,1.0,1.0,1.0,0.058457701431352524,0.9722222222222222,0.9761904761904763,0.9871794871794872,1.0,0.9285714285714286,1.0,1.0,1.0,0.9615384615384616,0.028467949440969254,0.9714285714285714,0.9629629629629629,0.9841269841269842,1.0,1.0,0.8888888888888888,1.0,0.9523809523809523,1.0
medium_2_hidden_13_8_lr_0_1,8,0.1,13 -> 13 -> 8 -> 3,0.001118658417558147,1.0,1.0,1.0,1.0,1.0,1.0,1.0,1.0,1.0,0.0010571145067670323,1.0,1.0,1.0,1.0,1.0,1.0,1.0,1.0,1.0,0.19756857413380605,0.9428571428571428,0.9523809523809524,0.9743589743589745,1.0,0.8571428571428571,1.0,1.0,1.0,0.9230769230769231
medium_2_hidden_13_8_lr_0_1,9,0.1,13 -> 13 -> 8 -> 3,0.00010468116386123453,1.0,1.0,1.0,1.0,1.0,1.0,1.0,1.0,1.0,0.08627805440480428,0.9722222222222222,0.9761904761904763,0.9871794871794872,1.0,0.9285714285714286,1.0,1.0,1.0,0.9615384615384616,0.0018820019596158422,1.0,1.0,1.0,1.0,1.0,1.0,1.0,1.0,1.0
large_2_hidden_32_16_lr_0_001,0,0.001,13 -> 32 -> 16 -> 3,1.085817019736045,0.40186915887850466,0.3333333333333333,0.6666666666666666,0.0,1.0,0.0,1.0,0.0,1.0,1.089398653876351,0.3888888888888889,0.3333333333333333,0.6666666666666666,0.0,1.0,0.0,1.0,0.0,1.0,1.0839137990037802,0.4,0.3333333333333333,0.6666666666666666,0.0,1.0,0.0,1.0,0.0,1.0
large_2_hidden_32_16_lr_0_001,1,0.001,13 -> 32 -> 16 -> 3,1.0858102531116036,0.40186915887850466,0.3333333333333333,0.6666666666666666,0.0,1.0,0.0,1.0,0.0,1.0,1.089384464409365,0.3888888888888889,0.3333333333333333,0.6666666666666666,0.0,1.0,0.0,1.0,0.0,1.0,1.083907674886994,0.4,0.3333333333333333,0.6666666666666666,0.0,1.0,0.0,1.0,0.0,1.0
large_2_hidden_32_16_lr_0_001,2,0.001,13 -> 32 -> 16 -> 3,1.085701971734375,0.40186915887850466,0.3333333333333333,0.6666666666666666,0.0,1.0,0.0,1.0,0.0,1.0,1.0892893138442676,0.3888888888888889,0.3333333333333333,0.6666666666666666,0.0,1.0,0.0,1.0,0.0,1.0,1.0837691520761736,0.4,0.3333333333333333,0.6666666666666666,0.0,1.0,0.0,1.0,0.0,1.0
large_2_hidden_32_16_lr_0_001,3,0.001,13 -> 32 -> 16 -> 3,1.08581469065461,0.40186915887850466,0.3333333333333333,0.6666666666666666,0.0,1.0,0.0,1.0,0.0,1.0,1.0894181400605536,0.3888888888888889,0.3333333333333333,0.6666666666666666,0.0,1.0,0.0,1.0,0.0,1.0,1.0839161306543779,0.4,0.3333333333333333,0.6666666666666666,0.0,1.0,0.0,1.0,0.0,1.0
large_2_hidden_32_16_lr_0_001,4,0.001,13 -> 32 -> 16 -> 3,1.085806698706191,0.40186915887850466,0.3333333333333333,0.6666666666666666,0.0,1.0,0.0,1.0,0.0,1.0,1.0894175025854986,0.3888888888888889,0.3333333333333333,0.6666666666666666,0.0,1.0,0.0,1.0,0.0,1.0,1.0839269331070742,0.4,0.3333333333333333,0.6666666666666666,0.0,1.0,0.0,1.0,0.0,1.0
large_2_hidden_32_16_lr_0_001,5,0.001,13 -> 32 -> 16 -> 3,1.0858442303911209,0.40186915887850466,0.3333333333333333,0.6666666666666666,0.0,1.0,0.0,1.0,0.0,1.0,1.0894432183455234,0.3888888888888889,0.3333333333333333,0.6666666666666666,0.0,1.0,0.0,1.0,0.0,1.0,1.0839664491071528,0.4,0.3333333333333333,0.6666666666666666,0.0,1.0,0.0,1.0,0.0,1.0
large_2_hidden_32_16_lr_0_001,6,0.001,13 -> 32 -> 16 -> 3,1.0857805223934418,0.40186915887850466,0.3333333333333333,0.6666666666666666,0.0,1.0,0.0,1.0,0.0,1.0,1.0893759604814877,0.3888888888888889,0.3333333333333333,0.6666666666666666,0.0,1.0,0.0,1.0,0.0,1.0,1.083883536293821,0.4,0.3333333333333333,0.6666666666666666,0.0,1.0,0.0,1.0,0.0,1.0
large_2_hidden_32_16_lr_0_001,7,0.001,13 -> 32 -> 16 -> 3,1.0858008989275858,0.40186915887850466,0.3333333333333333,0.6666666666666666,0.0,1.0,0.0,1.0,0.0,1.0,1.0893928973438638,0.3888888888888889,0.3333333333333333,0.6666666666666666,0.0,1.0,0.0,1.0,0.0,1.0,1.0839390656798702,0.4,0.3333333333333333,0.6666666666666666,0.0,1.0,0.0,1.0,0.0,1.0
large_2_hidden_32_16_lr_0_001,8,0.001,13 -> 32 -> 16 -> 3,1.0857713780884304,0.40186915887850466,0.3333333333333333,0.6666666666666666,0.0,1.0,0.0,1.0,0.0,1.0,1.089375635288568,0.3888888888888889,0.3333333333333333,0.6666666666666666,0.0,1.0,0.0,1.0,0.0,1.0,1.083906369061669,0.4,0.3333333333333333,0.6666666666666666,0.0,1.0,0.0,1.0,0.0,1.0
large_2_hidden_32_16_lr_0_001,9,0.001,13 -> 32 -> 16 -> 3,1.0858378736388483,0.40186915887850466,0.3333333333333333,0.6666666666666666,0.0,1.0,0.0,1.0,0.0,1.0,1.089413018075254,0.3888888888888889,0.3333333333333333,0.6666666666666666,0.0,1.0,0.0,1.0,0.0,1.0,1.0839358020819727,0.4,0.3333333333333333,0.6666666666666666,0.0,1.0,0.0,1.0,0.0,1.0
large_2_hidden_32_16_lr_0_01,0,0.01,13 -> 32 -> 16 -> 3,0.011302450558741918,1.0,1.0,1.0,1.0,1.0,1.0,1.0,1.0,1.0,0.070645345153376,0.9444444444444444,0.942857142857143,0.970959595959596,1.0,0.9285714285714286,0.9,0.9583333333333334,0.9545454545454546,1.0,0.02273688776549942,1.0,1.0,1.0,1.0,1.0,1.0,1.0,1.0,1.0
large_2_hidden_32_16_lr_0_01,1,0.01,13 -> 32 -> 16 -> 3,0.014444011701082027,1.0,1.0,1.0,1.0,1.0,1.0,1.0,1.0,1.0,0.15089627377625414,0.9722222222222222,0.9761904761904763,0.9861111111111112,1.0,0.9285714285714286,1.0,0.9583333333333334,1.0,1.0,0.1923059313202754,0.9428571428571428,0.9523809523809524,0.9710144927536232,1.0,0.8571428571428571,1.0,0.9130434782608695,1.0,1.0
large_2_hidden_32_16_lr_0_01,2,0.01,13 -> 32 -> 16 -> 3,0.02257744927927021,1.0,1.0,1.0,1.0,1.0,1.0,1.0,1.0,1.0,0.020138479112232852,1.0,1.0,1.0,1.0,1.0,1.0,1.0,1.0,1.0,0.09669585907066505,0.9428571428571428,0.9523809523809524,0.9743589743589745,1.0,0.8571428571428571,1.0,1.0,1.0,0.9230769230769231
large_2_hidden_32_16_lr_0_01,3,0.01,13 -> 32 -> 16 -> 3,0.017805895246521215,1.0,1.0,1.0,1.0,1.0,1.0,1.0,1.0,1.0,0.06451467473907424,0.9722222222222222,0.9761904761904763,0.9861111111111112,1.0,0.9285714285714286,1.0,0.9583333333333334,1.0,1.0,0.04905110575684833,0.9714285714285714,0.9761904761904763,0.9855072463768115,1.0,0.9285714285714286,1.0,0.9565217391304348,1.0,1.0
large_2_hidden_32_16_lr_0_01,4,0.01,13 -> 32 -> 16 -> 3,0.020571412333709065,1.0,1.0,1.0,1.0,1.0,1.0,1.0,1.0,1.0,0.08081696751687592,1.0,1.0,1.0,1.0,1.0,1.0,1.0,1.0,1.0,0.010235502322989856,1.0,1.0,1.0,1.0,1.0,1.0,1.0,1.0,1.0
large_2_hidden_32_16_lr_0_01,5,0.01,13 -> 32 -> 16 -> 3,0.6021577548913504,0.6635514018691588,0.6589147286821705,0.8134348290598291,0.0,0.9767441860465116,1.0,1.0,0.453125,0.9871794871794872,0.5800537870176978,0.6666666666666666,0.6666666666666666,0.8181818181818182,0.0,1.0,1.0,1.0,0.45454545454545453,1.0,0.6194913004136303,0.6285714285714286,0.6428571428571429,0.7967032967032966,0.0,0.9285714285714286,1.0,1.0,0.42857142857142855,0.9615384615384616
large_2_hidden_32_16_lr_0_01,6,0.01,13 -> 32 -> 16 -> 3,0.014343721903817764,1.0,1.0,1.0,1.0,1.0,1.0,1.0,1.0,1.0,0.07499075141287144,0.9722222222222222,0.9761904761904763,0.9871794871794872,1.0,0.9285714285714286,1.0,1.0,1.0,0.9615384615384616,0.028999346285970454,1.0,1.0,1.0,1.0,1.0,1.0,1.0,1.0,1.0
large_2_hidden_32_16_lr_0_01,7,0.01,13 -> 32 -> 16 -> 3,0.026311518246759504,1.0,1.0,1.0,1.0,1.0,1.0,1.0,1.0,1.0,0.14384761745826785,0.9166666666666666,0.9285714285714285,0.9594017094017094,1.0,0.7857142857142857,1.0,0.9166666666666666,1.0,0.9615384615384616,0.070597453808019,1.0,1.0,1.0,1.0,1.0,1.0,1.0,1.0,1.0
large_2_hidden_32_16_lr_0_01,8,0.01,13 -> 32 -> 16 -> 3,0.006666260540264639,1.0,1.0,1.0,1.0,1.0,1.0,1.0,1.0,1.0,0.002741706156115886,1.0,1.0,1.0,1.0,1.0,1.0,1.0,1.0,1.0,0.10717649100969286,0.9428571428571428,0.9523809523809524,0.9743589743589745,1.0,0.8571428571428571,1.0,1.0,1.0,0.9230769230769231
large_2_hidden_32_16_lr_0_01,9,0.01,13 -> 32 -> 16 -> 3,0.02037659194988528,1.0,1.0,1.0,1.0,1.0,1.0,1.0,1.0,1.0,0.05295267935511325,0.9722222222222222,0.9761904761904763,0.9871794871794872,1.0,0.9285714285714286,1.0,1.0,1.0,0.9615384615384616,0.027811867498888542,1.0,1.0,1.0,1.0,1.0,1.0,1.0,1.0,1.0
large_2_hidden_32_16_lr_0_1,0,0.1,13 -> 32 -> 16 -> 3,8.408192335437454e-05,1.0,1.0,1.0,1.0,1.0,1.0,1.0,1.0,1.0,0.08855499168357377,0.9722222222222222,0.9666666666666667,0.9848484848484849,1.0,1.0,0.9,1.0,0.9545454545454546,1.0,0.0041458051832471855,1.0,1.0,1.0,1.0,1.0,1.0,1.0,1.0,1.0
large_2_hidden_32_16_lr_0_1,1,0.1,13 -> 32 -> 16 -> 3,9.300407441786973e-05,1.0,1.0,1.0,1.0,1.0,1.0,1.0,1.0,1.0,0.22045149442348422,0.9722222222222222,0.9761904761904763,0.9861111111111112,1.0,0.9285714285714286,1.0,0.9583333333333334,1.0,1.0,0.20487697160618568,0.9428571428571428,0.9523809523809524,0.9710144927536232,1.0,0.8571428571428571,1.0,0.9130434782608695,1.0,1.0
large_2_hidden_32_16_lr_0_1,2,0.1,13 -> 32 -> 16 -> 3,0.00012339623969373354,1.0,1.0,1.0,1.0,1.0,1.0,1.0,1.0,1.0,0.006532751403271666,1.0,1.0,1.0,1.0,1.0,1.0,1.0,1.0,1.0,0.10006796683656578,0.9142857142857143,0.9285714285714285,0.9615384615384616,1.0,0.7857142857142857,1.0,1.0,1.0,0.8846153846153846
large_2_hidden_32_16_lr_0_1,3,0.1,13 -> 32 -> 16 -> 3,9.485318345608461e-05,1.0,1.0,1.0,1.0,1.0,1.0,1.0,1.0,1.0,0.107298181178543,0.9722222222222222,0.9761904761904763,0.9871794871794872,1.0,0.9285714285714286,1.0,1.0,1.0,0.9615384615384616,0.005349365992879666,1.0,1.0,1.0,1.0,1.0,1.0,1.0,1.0,1.0
large_2_hidden_32_16_lr_0_1,4,0.1,13 -> 32 -> 16 -> 3,0.00010947684447179166,1.0,1.0,1.0,1.0,1.0,1.0,1.0,1.0,1.0,0.10941144277935061,0.9444444444444444,0.9388888888888888,0.9696969696969697,0.9166666666666666,1.0,0.9,1.0,0.9090909090909091,1.0,6.716841339384662e-05,1.0,1.0,1.0,1.0,1.0,1.0,1.0,1.0,1.0
large_2_hidden_32_16_lr_0_1,5,0.1,13 -> 32 -> 16 -> 3,0.00010436628174837598,1.0,1.0,1.0,1.0,1.0,1.0,1.0,1.0,1.0,1.6857060041734816e-05,1.0,1.0,1.0,1.0,1.0,1.0,1.0,1.0,1.0,0.1349517470271333,0.9714285714285714,0.9761904761904763,0.9871794871794872,1.0,0.9285714285714286,1.0,1.0,1.0,0.9615384615384616
large_2_hidden_32_16_lr_0_1,6,0.1,13 -> 32 -> 16 -> 3,0.00010379426342274416,1.0,1.0,1.0,1.0,1.0,1.0,1.0,1.0,1.0,0.16508357993961992,0.9722222222222222,0.9761904761904763,0.9871794871794872,1.0,0.9285714285714286,1.0,1.0,1.0,0.9615384615384616,0.036418253614519634,0.9714285714285714,0.9629629629629629,0.9841269841269842,1.0,1.0,0.8888888888888888,1.0,0.9523809523809523,1.0
large_2_hidden_32_16_lr_0_1,7,0.1,13 -> 32 -> 16 -> 3,9.496456553285887e-05,1.0,1.0,1.0,1.0,1.0,1.0,1.0,1.0,1.0,0.09210919364186797,0.9444444444444444,0.9523809523809524,0.9732905982905984,1.0,0.8571428571428571,1.0,0.9583333333333334,1.0,0.9615384615384616,0.04087272222172764,0.9714285714285714,0.9629629629629629,0.9841269841269842,1.0,1.0,0.8888888888888888,1.0,0.9523809523809523,1.0
large_2_hidden_32_16_lr_0_1,8,0.1,13 -> 32 -> 16 -> 3,9.480324890430123e-05,1.0,1.0,1.0,1.0,1.0,1.0,1.0,1.0,1.0,2.295924629506673e-05,1.0,1.0,1.0,1.0,1.0,1.0,1.0,1.0,1.0,0.2044812829561514,0.9428571428571428,0.9523809523809524,0.9743589743589745,1.0,0.8571428571428571,1.0,1.0,1.0,0.9230769230769231
large_2_hidden_32_16_lr_0_1,9,0.1,13 -> 32 -> 16 -> 3,0.00010560560536869899,1.0,1.0,1.0,1.0,1.0,1.0,1.0,1.0,1.0,0.10659155573642602,0.9722222222222222,0.9761904761904763,0.9871794871794872,1.0,0.9285714285714286,1.0,1.0,1.0,0.9615384615384616,0.0036387436744874,1.0,1.0,1.0,1.0,1.0,1.0,1.0,1.0,1.0
large_3_hidden_64_32_16_lr_0_001,0,0.001,13 -> 64 -> 32 -> 16 -> 3,1.0858503447290753,0.40186915887850466,0.3333333333333333,0.6666666666666666,0.0,1.0,0.0,1.0,0.0,1.0,1.0894306508683718,0.3888888888888889,0.3333333333333333,0.6666666666666666,0.0,1.0,0.0,1.0,0.0,1.0,1.0839434048432146,0.4,0.3333333333333333,0.6666666666666666,0.0,1.0,0.0,1.0,0.0,1.0
large_3_hidden_64_32_16_lr_0_001,1,0.001,13 -> 64 -> 32 -> 16 -> 3,1.0858537308971405,0.40186915887850466,0.3333333333333333,0.6666666666666666,0.0,1.0,0.0,1.0,0.0,1.0,1.0894285052767323,0.3888888888888889,0.3333333333333333,0.6666666666666666,0.0,1.0,0.0,1.0,0.0,1.0,1.0839496213435722,0.4,0.3333333333333333,0.6666666666666666,0.0,1.0,0.0,1.0,0.0,1.0
large_3_hidden_64_32_16_lr_0_001,2,0.001,13 -> 64 -> 32 -> 16 -> 3,1.0858383228848647,0.40186915887850466,0.3333333333333333,0.6666666666666666,0.0,1.0,0.0,1.0,0.0,1.0,1.089433954948762,0.3888888888888889,0.3333333333333333,0.6666666666666666,0.0,1.0,0.0,1.0,0.0,1.0,1.083910992974775,0.4,0.3333333333333333,0.6666666666666666,0.0,1.0,0.0,1.0,0.0,1.0
large_3_hidden_64_32_16_lr_0_001,3,0.001,13 -> 64 -> 32 -> 16 -> 3,1.0858431324204654,0.40186915887850466,0.3333333333333333,0.6666666666666666,0.0,1.0,0.0,1.0,0.0,1.0,1.089436156982987,0.3888888888888889,0.3333333333333333,0.6666666666666666,0.0,1.0,0.0,1.0,0.0,1.0,1.0839376131120415,0.4,0.3333333333333333,0.6666666666666666,0.0,1.0,0.0,1.0,0.0,1.0
large_3_hidden_64_32_16_lr_0_001,4,0.001,13 -> 64 -> 32 -> 16 -> 3,1.0858450620553095,0.40186915887850466,0.3333333333333333,0.6666666666666666,0.0,1.0,0.0,1.0,0.0,1.0,1.0894512453654306,0.3888888888888889,0.3333333333333333,0.6666666666666666,0.0,1.0,0.0,1.0,0.0,1.0,1.0839695445113076,0.4,0.3333333333333333,0.6666666666666666,0.0,1.0,0.0,1.0,0.0,1.0
large_3_hidden_64_32_16_lr_0_001,5,0.001,13 -> 64 -> 32 -> 16 -> 3,1.0858482500264706,0.40186915887850466,0.3333333333333333,0.6666666666666666,0.0,1.0,0.0,1.0,0.0,1.0,1.0894456406223092,0.3888888888888889,0.3333333333333333,0.6666666666666666,0.0,1.0,0.0,1.0,0.0,1.0,1.0839666868207258,0.4,0.3333333333333333,0.6666666666666666,0.0,1.0,0.0,1.0,0.0,1.0
large_3_hidden_64_32_16_lr_0_001,6,0.001,13 -> 64 -> 32 -> 16 -> 3,1.085846989074196,0.40186915887850466,0.3333333333333333,0.6666666666666666,0.0,1.0,0.0,1.0,0.0,1.0,1.089430283487092,0.3888888888888889,0.3333333333333333,0.6666666666666666,0.0,1.0,0.0,1.0,0.0,1.0,1.083938874682075,0.4,0.3333333333333333,0.6666666666666666,0.0,1.0,0.0,1.0,0.0,1.0
large_3_hidden_64_32_16_lr_0_001,7,0.001,13 -> 64 -> 32 -> 16 -> 3,1.0858511946491114,0.40186915887850466,0.3333333333333333,0.6666666666666666,0.0,1.0,0.0,1.0,0.0,1.0,1.0894462044519164,0.3888888888888889,0.3333333333333333,0.6666666666666666,0.0,1.0,0.0,1.0,0.0,1.0,1.0839827760070024,0.4,0.3333333333333333,0.6666666666666666,0.0,1.0,0.0,1.0,0.0,1.0
large_3_hidden_64_32_16_lr_0_001,8,0.001,13 -> 64 -> 32 -> 16 -> 3,1.0858481389487578,0.40186915887850466,0.3333333333333333,0.6666666666666666,0.0,1.0,0.0,1.0,0.0,1.0,1.089445917892499,0.3888888888888889,0.3333333333333333,0.6666666666666666,0.0,1.0,0.0,1.0,0.0,1.0,1.083972345102437,0.4,0.3333333333333333,0.6666666666666666,0.0,1.0,0.0,1.0,0.0,1.0
large_3_hidden_64_32_16_lr_0_001,9,0.001,13 -> 64 -> 32 -> 16 -> 3,1.085852097841708,0.40186915887850466,0.3333333333333333,0.6666666666666666,0.0,1.0,0.0,1.0,0.0,1.0,1.0894285399832984,0.3888888888888889,0.3333333333333333,0.6666666666666666,0.0,1.0,0.0,1.0,0.0,1.0,1.0839460341040212,0.4,0.3333333333333333,0.6666666666666666,0.0,1.0,0.0,1.0,0.0,1.0
large_3_hidden_64_32_16_lr_0_01,0,0.01,13 -> 64 -> 32 -> 16 -> 3,1.085720078953054,0.40186915887850466,0.3333333333333333,0.6666666666666666,0.0,1.0,0.0,1.0,0.0,1.0,1.0896375036520136,0.3888888888888889,0.3333333333333333,0.6666666666666666,0.0,1.0,0.0,1.0,0.0,1.0,1.0834447011768011,0.4,0.3333333333333333,0.6666666666666666,0.0,1.0,0.0,1.0,0.0,1.0
large_3_hidden_64_32_16_lr_0_01,1,0.01,13 -> 64 -> 32 -> 16 -> 3,1.0857179773538446,0.40186915887850466,0.3333333333333333,0.6666666666666666,0.0,1.0,0.0,1.0,0.0,1.0,1.0896292057028383,0.3888888888888889,0.3333333333333333,0.6666666666666666,0.0,1.0,0.0,1.0,0.0,1.0,1.083477891245437,0.4,0.3333333333333333,0.6666666666666666,0.0,1.0,0.0,1.0,0.0,1.0
large_3_hidden_64_32_16_lr_0_01,2,0.01,13 -> 64 -> 32 -> 16 -> 3,1.0857206171371327,0.40186915887850466,0.3333333333333333,0.6666666666666666,0.0,1.0,0.0,1.0,0.0,1.0,1.0896757320735264,0.3888888888888889,0.3333333333333333,0.6666666666666666,0.0,1.0,0.0,1.0,0.0,1.0,1.0834464452374881,0.4,0.3333333333333333,0.6666666666666666,0.0,1.0,0.0,1.0,0.0,1.0
large_3_hidden_64_32_16_lr_0_01,3,0.01,13 -> 64 -> 32 -> 16 -> 3,1.0857136672740113,0.40186915887850466,0.3333333333333333,0.6666666666666666,0.0,1.0,0.0,1.0,0.0,1.0,1.0896892711645485,0.3888888888888889,0.3333333333333333,0.6666666666666666,0.0,1.0,0.0,1.0,0.0,1.0,1.083485609934827,0.4,0.3333333333333333,0.6666666666666666,0.0,1.0,0.0,1.0,0.0,1.0
large_3_hidden_64_32_16_lr_0_01,4,0.01,13 -> 64 -> 32 -> 16 -> 3,1.0857237106527649,0.40186915887850466,0.3333333333333333,0.6666666666666666,0.0,1.0,0.0,1.0,0.0,1.0,1.0897269444932778,0.3888888888888889,0.3333333333333333,0.6666666666666666,0.0,1.0,0.0,1.0,0.0,1.0,1.0835691664596971,0.4,0.3333333333333333,0.6666666666666666,0.0,1.0,0.0,1.0,0.0,1.0
large_3_hidden_64_32_16_lr_0_01,5,0.01,13 -> 64 -> 32 -> 16 -> 3,1.0857215708729926,0.40186915887850466,0.3333333333333333,0.6666666666666666,0.0,1.0,0.0,1.0,0.0,1.0,1.0896831766938542,0.3888888888888889,0.3333333333333333,0.6666666666666666,0.0,1.0,0.0,1.0,0.0,1.0,1.083529533681734,0.4,0.3333333333333333,0.6666666666666666,0.0,1.0,0.0,1.0,0.0,1.0
large_3_hidden_64_32_16_lr_0_01,6,0.01,13 -> 64 -> 32 -> 16 -> 3,1.0857166478429763,0.40186915887850466,0.3333333333333333,0.6666666666666666,0.0,1.0,0.0,1.0,0.0,1.0,1.0896489523659694,0.3888888888888889,0.3333333333333333,0.6666666666666666,0.0,1.0,0.0,1.0,0.0,1.0,1.08344063028622,0.4,0.3333333333333333,0.6666666666666666,0.0,1.0,0.0,1.0,0.0,1.0
large_3_hidden_64_32_16_lr_0_01,7,0.01,13 -> 64 -> 32 -> 16 -> 3,1.0857230614275635,0.40186915887850466,0.3333333333333333,0.6666666666666666,0.0,1.0,0.0,1.0,0.0,1.0,1.0897018315432956,0.3888888888888889,0.3333333333333333,0.6666666666666666,0.0,1.0,0.0,1.0,0.0,1.0,1.0836236695282908,0.4,0.3333333333333333,0.6666666666666666,0.0,1.0,0.0,1.0,0.0,1.0
large_3_hidden_64_32_16_lr_0_01,8,0.01,13 -> 64 -> 32 -> 16 -> 3,1.0857160030956743,0.40186915887850466,0.3333333333333333,0.6666666666666666,0.0,1.0,0.0,1.0,0.0,1.0,1.089672842917389,0.3888888888888889,0.3333333333333333,0.6666666666666666,0.0,1.0,0.0,1.0,0.0,1.0,1.0835131117017087,0.4,0.3333333333333333,0.6666666666666666,0.0,1.0,0.0,1.0,0.0,1.0
large_3_hidden_64_32_16_lr_0_01,9,0.01,13 -> 64 -> 32 -> 16 -> 3,1.0857187677575875,0.40186915887850466,0.3333333333333333,0.6666666666666666,0.0,1.0,0.0,1.0,0.0,1.0,1.0896463247516759,0.3888888888888889,0.3333333333333333,0.6666666666666666,0.0,1.0,0.0,1.0,0.0,1.0,1.0835295054661027,0.4,0.3333333333333333,0.6666666666666666,0.0,1.0,0.0,1.0,0.0,1.0
large_3_hidden_64_32_16_lr_0_1,0,0.1,13 -> 64 -> 32 -> 16 -> 3,0.00044531190290966115,1.0,1.0,1.0,1.0,1.0,1.0,1.0,1.0,1.0,0.24809681846200674,0.9444444444444444,0.942857142857143,0.970959595959596,1.0,0.9285714285714286,0.9,0.9583333333333334,0.9545454545454546,1.0,0.006016660382637335,1.0,1.0,1.0,1.0,1.0,1.0,1.0,1.0,1.0
large_3_hidden_64_32_16_lr_0_1,1,0.1,13 -> 64 -> 32 -> 16 -> 3,1.047422794513732,0.40186915887850466,0.3333333333333333,0.6666666666666666,0.0,1.0,0.0,1.0,0.0,1.0,1.0497828298117455,0.3888888888888889,0.3333333333333333,0.6666666666666666,0.0,1.0,0.0,1.0,0.0,1.0,1.0461332250970807,0.4,0.3333333333333333,0.6666666666666666,0.0,1.0,0.0,1.0,0.0,1.0
large_3_hidden_64_32_16_lr_0_1,2,0.1,13 -> 64 -> 32 -> 16 -> 3,0.000566007386824486,1.0,1.0,1.0,1.0,1.0,1.0,1.0,1.0,1.0,0.12633929173960481,0.9722222222222222,0.9761904761904763,0.9861111111111112,1.0,0.9285714285714286,1.0,0.9583333333333334,1.0,1.0,0.681228241515767,0.9142857142857143,0.9285714285714285,0.9565217391304347,1.0,0.7857142857142857,1.0,0.8695652173913043,1.0,1.0
large_3_hidden_64_32_16_lr_0_1,3,0.1,13 -> 64 -> 32 -> 16 -> 3,0.00022779340737818157,1.0,1.0,1.0,1.0,1.0,1.0,1.0,1.0,1.0,0.018529443351686978,1.0,1.0,1.0,1.0,1.0,1.0,1.0,1.0,1.0,0.11453448159939436,0.9714285714285714,0.9761904761904763,0.9855072463768115,1.0,0.9285714285714286,1.0,0.9565217391304348,1.0,1.0
large_3_hidden_64_32_16_lr_0_1,4,0.1,13 -> 64 -> 32 -> 16 -> 3,0.00994292438974969,1.0,1.0,1.0,1.0,1.0,1.0,1.0,1.0,1.0,0.07402612208444645,0.9444444444444444,0.9523809523809524,0.9743589743589745,1.0,0.8571428571428571,1.0,1.0,1.0,0.9230769230769231,0.006376359232159504,1.0,1.0,1.0,1.0,1.0,1.0,1.0,1.0,1.0
large_3_hidden_64_32_16_lr_0_1,5,0.1,13 -> 64 -> 32 -> 16 -> 3,0.0024382248972920468,1.0,1.0,1.0,1.0,1.0,1.0,1.0,1.0,1.0,0.0017551339889310914,1.0,1.0,1.0,1.0,1.0,1.0,1.0,1.0,1.0,0.30555954393594315,0.9428571428571428,0.9484126984126985,0.9743589743589745,0.9166666666666666,0.9285714285714286,1.0,1.0,1.0,0.9230769230769231
large_3_hidden_64_32_16_lr_0_1,6,0.1,13 -> 64 -> 32 -> 16 -> 3,0.00023287536831597,1.0,1.0,1.0,1.0,1.0,1.0,1.0,1.0,1.0,0.142484104770483,0.9722222222222222,0.9761904761904763,0.9871794871794872,1.0,0.9285714285714286,1.0,1.0,1.0,0.9615384615384616,0.027677988470554193,0.9714285714285714,0.9629629629629629,0.9841269841269842,1.0,1.0,0.8888888888888888,1.0,0.9523809523809523,1.0
large_3_hidden_64_32_16_lr_0_1,7,0.1,13 -> 64 -> 32 -> 16 -> 3,0.0004598300448017751,1.0,1.0,1.0,1.0,1.0,1.0,1.0,1.0,1.0,0.20740155474084954,0.8888888888888888,0.9007936507936508,0.9442501942501943,0.9166666666666666,0.7857142857142857,1.0,0.9166666666666666,0.9545454545454546,0.9615384615384616,0.03907616566241886,1.0,1.0,1.0,1.0,1.0,1.0,1.0,1.0,1.0
large_3_hidden_64_32_16_lr_0_1,8,0.1,13 -> 64 -> 32 -> 16 -> 3,0.0003194983476973094,1.0,1.0,1.0,1.0,1.0,1.0,1.0,1.0,1.0,0.0005114987326593112,1.0,1.0,1.0,1.0,1.0,1.0,1.0,1.0,1.0,0.16749466062263715,0.9142857142857143,0.9285714285714285,0.9615384615384616,1.0,0.7857142857142857,1.0,1.0,1.0,0.8846153846153846
large_3_hidden_64_32_16_lr_0_1,9,0.1,13 -> 64 -> 32 -> 16 -> 3,0.0004332353309820397,1.0,1.0,1.0,1.0,1.0,1.0,1.0,1.0,1.0,0.11240586023278928,0.9444444444444444,0.9523809523809524,0.9743589743589745,1.0,0.8571428571428571,1.0,1.0,1.0,0.9230769230769231,0.00237399224179207,1.0,1.0,1.0,1.0,1.0,1.0,1.0,1.0,1.0
